时间,环号,推进状态,推进速度,总推力,刀盘扭矩,刀盘转速,土压01数值,土压02数值,土压03数值,土压04数值,土压05数值,土压06数值,螺旋机转速,螺旋机扭矩,前端里程,土压平均值,上土压,推进距离
2019-12-4 13:27:10,965,4,0.0,0.0,0.0,0.0,2.3,2.3,2.3,2.3,2.3,2.3,0.0,0.0,33204.925,2.3000000000000003,2.3,0.0030000000042491592
2019-12-4 13:27:20,965,4,0.0,0.0,0.0,0.0,2.3,2.3,2.3,2.3,2.3,2.3,0.0,0.0,33204.925,2.3000000000000003,2.3,0.0030000000042491592
2019-12-4 13:27:30,965,4,0.0,0.0,0.0,0.0,2.3,2.3,2.3,2.3,2.3,2.3,0.0,0.0,33204.925,2.3000000000000003,2.3,0.0030000000042491592
2019-12-4 13:27:40,965,4,0.0,0.0,0.0,0.0,2.3,2.3,2.3,2.3,2.3,2.3,0.0,0.0,33204.925,2.3000000000000003,2.3,0.0030000000042491592
2019-12-4 13:27:50,965,4,0.0,0.0,0.0,0.0,2.3,2.3,2.3,2.3,2.3,2.3,0.0,0.0,33204.925,2.3000000000000003,2.3,0.0030000000042491592
2019-12-4 13:28:00,965,4,0.0,0.0,0.0,0.0,2.3,2.3,2.3,2.3,2.3,2.3,0.0,0.0,33204.925,2.3000000000000003,2.3,0.0030000000042491592
2019-12-4 13:28:10,965,4,0.0,0.0,0.0,0.0,2.3,2.3,2.3,2.3,2.3,2.3,0.0,0.0,33204.925,2.3000000000000003,2.3,0.0030000000042491592
2019-12-4 13:28:20,965,4,0.0,0.0,0.0,0.0,2.3,2.3,2.3,2.3,2.3,2.3,0.0,0.0,33204.925,2.3000000000000003,2.3,0.0030000000042491592
2019-12-4 13:28:30,965,4,0.0,0.0,0.0,0.0,2.3,2.3,2.3,2.3,2.3,2.3,0.0,0.0,33204.925,2.3000000000000003,2.3,0.0030000000042491592
2019-12-4 13:28:40,965,4,0.0,0.0,0.0,0.0,2.3,2.3,2.3,2.3,2.3,2.3,0.0,0.0,33204.925,2.3000000000000003,2.3,0.0030000000042491592
2019-12-4 13:28:50,965,4,0.0,0.0,0.0,0.0,2.3,2.3,2.3,2.3,2.3,2.3,0.0,0.0,33204.925,2.3000000000000003,2.3,0.0030000000042491592
2019-12-4 13:29:00,965,4,0.0,0.0,0.0,0.0,2.3,2.3,2.3,2.3,2.3,2.3,0.0,0.0,33204.925,2.3000000000000003,2.3,0.0030000000042491592
2019-12-4 13:29:10,965,4,0.0,0.0,0.0,0.0,2.3,2.3,2.3,2.3,2.3,2.3,0.0,0.0,33204.925,2.3000000000000003,2.3,0.0030000000042491592
2019-12-4 13:29:20,965,4,0.0,0.0,0.0,0.0,2.3,2.3,2.3,2.3,2.3,2.3,0.0,0.0,33204.925,2.3000000000000003,2.3,0.0030000000042491592
2019-12-4 13:29:30,965,4,0.0,0.0,0.0,0.0,2.3,2.3,2.3,2.3,2.3,2.3,0.0,0.0,33204.925,2.3000000000000003,2.3,0.0030000000042491592
2019-12-4 13:29:40,965,4,0.0,0.0,0.0,0.0,2.3,2.3,2.3,2.3,2.3,2.3,0.0,0.0,33204.925,2.3000000000000003,2.3,0.0030000000042491592
2019-12-4 13:29:50,965,4,0.0,0.0,0.0,0.0,2.3,2.3,2.3,2.3,2.3,2.3,0.0,0.0,33204.925,2.3000000000000003,2.3,0.0030000000042491592
2019-12-4 13:30:00,965,4,0.0,0.0,0.0,0.0,2.3,2.3,2.3,2.3,2.3,2.3,0.0,0.0,33204.925,2.3000000000000003,2.3,0.0030000000042491592
2019-12-4 13:30:10,965,4,0.0,0.0,0.0,0.0,2.3,2.3,2.3,2.3,2.3,2.3,0.0,0.0,33204.925,2.3000000000000003,2.3,0.0030000000042491592
2019-12-4 13:30:20,965,4,0.0,0.0,0.0,0.0,2.3,2.3,2.3,2.3,2.3,2.3,0.0,0.0,33204.925,2.3000000000000003,2.3,0.0030000000042491592
2019-12-4 13:30:30,965,4,0.0,0.0,0.0,0.0,2.3,2.3,2.3,2.3,2.3,2.3,0.0,0.0,33204.925,2.3000000000000003,2.3,0.0030000000042491592
2019-12-4 13:30:40,965,4,0.0,0.0,0.0,0.0,2.3,2.3,2.3,2.3,2.3,2.3,0.0,0.0,33204.925,2.3000000000000003,2.3,0.0030000000042491592
2019-12-4 13:30:50,965,4,0.0,0.0,0.0,0.0,2.2,2.3,2.3,2.3,2.3,2.3,0.0,0.0,33204.925,2.283333333333333,2.25,0.0030000000042491592
2019-12-4 13:31:00,965,4,0.0,0.0,0.0,0.0,2.2,2.3,2.3,2.3,2.3,2.3,0.0,0.0,33204.925,2.283333333333333,2.25,0.0030000000042491592
2019-12-4 13:31:10,965,4,0.0,0.0,0.0,0.0,2.3,2.3,2.3,2.3,2.3,2.3,0.0,0.0,33204.925,2.3000000000000003,2.3,0.0030000000042491592
2019-12-4 13:31:20,965,4,0.0,0.0,0.0,0.0,2.3,2.3,2.3,2.3,2.3,2.3,0.0,0.0,33204.925,2.3000000000000003,2.3,0.0030000000042491592
2019-12-4 13:31:30,965,4,0.0,0.0,0.0,0.0,2.3,2.3,2.3,2.3,2.3,2.3,0.0,0.0,33204.925,2.3000000000000003,2.3,0.0030000000042491592
2019-12-4 13:31:40,965,4,0.0,0.0,0.0,0.0,2.3,2.3,2.3,2.3,2.3,2.3,0.0,0.0,33204.925,2.3000000000000003,2.3,0.0030000000042491592
2019-12-4 13:31:50,965,4,0.0,0.0,0.0,0.0,2.3,2.3,2.3,2.3,2.3,2.3,0.0,0.0,33204.925,2.3000000000000003,2.3,0.0030000000042491592
2019-12-4 13:32:00,965,4,0.0,0.0,0.0,0.0,2.3,2.3,2.3,2.3,2.3,2.3,0.0,0.0,33204.925,2.3000000000000003,2.3,0.0030000000042491592
2019-12-4 13:32:10,965,4,0.0,0.0,0.0,0.0,2.3,2.3,2.3,2.3,2.3,2.3,0.0,0.0,33204.925,2.3000000000000003,2.3,0.0030000000042491592
2019-12-4 13:32:20,965,4,0.0,0.0,0.0,0.0,2.3,2.3,2.3,2.3,2.3,2.3,0.0,0.0,33204.925,2.3000000000000003,2.3,0.0030000000042491592
2019-12-4 13:32:30,965,4,0.0,0.0,0.0,0.0,2.3,2.3,2.3,2.3,2.3,2.3,0.0,0.0,33204.925,2.3000000000000003,2.3,0.0030000000042491592
2019-12-4 13:32:40,965,4,0.0,0.0,0.0,0.0,2.3,2.3,2.3,2.3,2.3,2.3,0.0,0.0,33204.925,2.3000000000000003,2.3,0.0030000000042491592
2019-12-4 13:32:50,965,4,0.0,0.0,0.0,0.0,2.3,2.3,2.3,2.3,2.3,2.3,0.0,0.0,33204.925,2.3000000000000003,2.3,0.0030000000042491592
2019-12-4 13:33:00,965,4,0.0,0.0,0.0,0.0,2.3,2.3,2.3,2.3,2.3,2.3,0.0,0.0,33204.925,2.3000000000000003,2.3,0.0030000000042491592
2019-12-4 13:33:10,965,4,0.0,0.0,0.0,0.0,2.3,2.3,2.3,2.3,2.3,2.3,0.0,0.0,33204.925,2.3000000000000003,2.3,0.0030000000042491592
2019-12-4 13:33:20,965,4,0.0,0.0,0.0,0.0,2.3,2.3,2.3,2.3,2.3,2.3,0.0,0.0,33204.925,2.3000000000000003,2.3,0.0030000000042491592
2019-12-4 13:33:30,965,4,0.0,0.0,0.0,0.0,2.3,2.3,2.3,2.3,2.3,2.3,0.0,0.0,33204.925,2.3000000000000003,2.3,0.0030000000042491592
2019-12-4 13:33:40,965,4,0.0,0.0,0.0,0.0,2.3,2.3,2.3,2.3,2.3,2.3,0.0,0.0,33204.925,2.3000000000000003,2.3,0.0030000000042491592
2019-12-4 13:33:50,965,4,0.0,0.0,0.0,0.0,2.3,2.3,2.3,2.3,2.3,2.3,0.0,0.0,33204.925,2.3000000000000003,2.3,0.0030000000042491592
2019-12-4 13:34:00,965,4,0.0,0.0,0.0,0.0,2.3,2.3,2.3,2.3,2.3,2.3,0.0,0.0,33204.925,2.3000000000000003,2.3,0.0030000000042491592
2019-12-4 13:34:10,965,4,0.0,0.0,0.0,0.0,2.3,2.3,2.3,2.3,2.3,2.3,0.0,0.0,33204.925,2.3000000000000003,2.3,0.0030000000042491592
2019-12-4 13:34:20,965,4,0.0,0.0,0.0,0.0,2.3,2.3,2.3,2.3,2.3,2.3,0.0,0.0,33204.925,2.3000000000000003,2.3,0.0030000000042491592
2019-12-4 13:34:30,965,4,0.0,0.0,0.0,0.0,2.3,2.3,2.3,2.3,2.3,2.3,0.0,0.0,33204.925,2.3000000000000003,2.3,0.0030000000042491592
2019-12-4 13:34:40,965,4,0.0,0.0,0.0,0.0,2.3,2.3,2.3,2.3,2.3,2.3,0.0,0.0,33204.925,2.3000000000000003,2.3,0.0030000000042491592
2019-12-4 13:34:50,965,4,0.0,0.0,0.0,0.0,2.3,2.3,2.3,2.3,2.3,2.3,0.0,0.0,33204.925,2.3000000000000003,2.3,0.0030000000042491592
2019-12-4 13:35:00,965,4,0.0,0.0,0.0,0.0,2.3,2.3,2.3,2.3,2.3,2.3,0.0,0.0,33204.925,2.3000000000000003,2.3,0.0030000000042491592
2019-12-4 13:35:10,965,4,0.0,0.0,0.0,0.0,2.3,2.3,2.3,2.3,2.3,2.3,0.0,0.0,33204.925,2.3000000000000003,2.3,0.0030000000042491592
2019-12-4 13:35:20,965,4,0.0,0.0,0.0,0.0,2.3,2.3,2.3,2.3,2.3,2.3,0.0,0.0,33204.925,2.3000000000000003,2.3,0.0030000000042491592
2019-12-4 13:35:30,965,4,0.0,0.0,0.0,0.0,2.3,2.3,2.3,2.3,2.3,2.3,0.0,0.0,33204.925,2.3000000000000003,2.3,0.0030000000042491592
2019-12-4 13:35:40,965,4,0.0,0.0,0.0,0.0,2.3,2.3,2.3,2.3,2.3,2.3,0.0,0.0,33204.925,2.3000000000000003,2.3,0.0030000000042491592
2019-12-4 13:35:50,965,4,0.0,0.0,0.0,0.0,2.3,2.3,2.3,2.3,2.3,2.3,0.0,0.0,33204.925,2.3000000000000003,2.3,0.0030000000042491592
2019-12-4 13:36:00,965,4,0.0,0.0,0.0,0.0,2.3,2.3,2.3,2.3,2.3,2.3,0.0,0.0,33204.925,2.3000000000000003,2.3,0.0030000000042491592
2019-12-4 13:36:10,965,4,0.0,0.0,0.0,0.0,2.3,2.3,2.3,2.3,2.3,2.3,0.0,0.0,33204.925,2.3000000000000003,2.3,0.0030000000042491592
2019-12-4 13:36:20,965,4,0.0,0.0,0.0,0.0,2.3,2.3,2.3,2.3,2.3,2.3,0.0,0.0,33204.925,2.3000000000000003,2.3,0.0030000000042491592
2019-12-4 13:36:30,965,4,0.0,0.0,0.0,0.0,2.3,2.3,2.3,2.3,2.3,2.3,0.0,0.0,33204.925,2.3000000000000003,2.3,0.0030000000042491592
2019-12-4 13:36:40,965,4,0.0,0.0,0.0,0.0,2.3,2.3,2.3,2.3,2.3,2.3,0.0,0.0,33204.925,2.3000000000000003,2.3,0.0030000000042491592
2019-12-4 13:36:50,965,4,0.0,0.0,0.0,0.0,2.3,2.3,2.3,2.3,2.3,2.3,0.0,0.0,33204.925,2.3000000000000003,2.3,0.0030000000042491592
2019-12-4 13:37:00,965,4,0.0,0.0,0.0,0.0,2.3,2.3,2.3,2.3,2.3,2.3,0.0,0.0,33204.925,2.3000000000000003,2.3,0.0030000000042491592
2019-12-4 13:37:10,965,4,0.0,0.0,0.0,0.0,2.3,2.3,2.3,2.3,2.3,2.3,0.0,0.0,33204.925,2.3000000000000003,2.3,0.0030000000042491592
2019-12-4 13:37:20,965,4,0.0,0.0,0.0,0.0,2.3,2.3,2.3,2.3,2.3,2.3,0.0,0.0,33204.925,2.3000000000000003,2.3,0.0030000000042491592
2019-12-4 13:37:30,965,4,0.0,0.0,0.0,0.0,2.3,2.3,2.3,2.3,2.3,2.3,0.0,0.0,33204.925,2.3000000000000003,2.3,0.0030000000042491592
2019-12-4 13:37:40,965,4,0.0,0.0,0.0,0.0,2.3,2.3,2.3,2.3,2.3,2.3,0.0,0.0,33204.925,2.3000000000000003,2.3,0.0030000000042491592
2019-12-4 13:37:50,965,4,0.0,0.0,0.0,0.0,2.3,2.3,2.3,2.3,2.3,2.3,0.0,0.0,33204.925,2.3000000000000003,2.3,0.0030000000042491592
2019-12-4 13:38:00,965,4,0.0,0.0,0.0,0.0,2.3,2.3,2.3,2.3,2.3,2.3,0.0,0.0,33204.925,2.3000000000000003,2.3,0.0030000000042491592
2019-12-4 13:38:10,965,4,0.0,0.0,0.0,0.0,2.3,2.3,2.3,2.3,2.3,2.3,0.0,0.0,33204.925,2.3000000000000003,2.3,0.0030000000042491592
2019-12-4 13:38:20,965,4,0.0,0.0,0.0,0.0,2.3,2.3,2.3,2.3,2.3,2.3,0.0,0.0,33204.925,2.3000000000000003,2.3,0.0030000000042491592
2019-12-4 13:38:30,965,4,0.0,0.0,0.0,0.0,2.3,2.3,2.3,2.3,2.3,2.3,0.0,0.0,33204.925,2.3000000000000003,2.3,0.0030000000042491592
2019-12-4 13:38:40,965,4,0.0,0.0,0.0,0.0,2.3,2.3,2.3,2.3,2.3,2.3,0.0,0.0,33204.925,2.3000000000000003,2.3,0.0030000000042491592
2019-12-4 13:38:50,965,4,0.0,0.0,0.0,0.0,2.3,2.3,2.3,2.3,2.3,2.3,0.0,0.0,33204.925,2.3000000000000003,2.3,0.0030000000042491592
2019-12-4 13:39:00,965,4,0.0,0.0,0.0,0.0,2.3,2.3,2.3,2.3,2.3,2.3,0.0,0.0,33204.925,2.3000000000000003,2.3,0.0030000000042491592
2019-12-4 13:39:10,965,4,0.0,0.0,0.0,0.0,2.3,2.3,2.3,2.3,2.3,2.3,0.0,0.0,33204.925,2.3000000000000003,2.3,0.0030000000042491592
2019-12-4 13:39:20,965,4,0.0,0.0,0.0,0.0,2.3,2.3,2.3,2.3,2.3,2.3,0.0,0.0,33204.925,2.3000000000000003,2.3,0.0030000000042491592
2019-12-4 13:39:30,965,4,0.0,0.0,0.0,0.0,2.3,2.3,2.3,2.3,2.3,2.3,0.0,0.0,33204.925,2.3000000000000003,2.3,0.0030000000042491592
2019-12-4 13:39:40,965,4,0.0,0.0,0.0,0.0,2.3,2.3,2.3,2.3,2.3,2.3,0.0,0.0,33204.925,2.3000000000000003,2.3,0.0030000000042491592
2019-12-4 13:39:50,965,4,0.0,0.0,0.0,0.0,2.3,2.3,2.3,2.3,2.3,2.3,0.0,0.0,33204.925,2.3000000000000003,2.3,0.0030000000042491592
2019-12-4 13:40:00,965,4,0.0,0.0,0.0,0.0,2.3,2.3,2.3,2.3,2.3,2.3,0.0,0.0,33204.925,2.3000000000000003,2.3,0.0030000000042491592
2019-12-4 13:40:10,965,4,0.0,0.0,0.0,0.0,2.3,2.3,2.3,2.3,2.3,2.3,0.0,0.0,33204.925,2.3000000000000003,2.3,0.0030000000042491592
2019-12-4 13:40:20,965,4,0.0,0.0,0.0,0.0,2.3,2.3,2.3,2.3,2.3,2.3,0.0,0.0,33204.925,2.3000000000000003,2.3,0.0030000000042491592
2019-12-4 13:40:30,965,4,0.0,0.0,0.0,0.0,2.3,2.3,2.3,2.3,2.3,2.3,0.0,0.0,33204.925,2.3000000000000003,2.3,0.0030000000042491592
2019-12-4 13:40:40,965,4,0.0,0.0,0.0,0.0,2.3,2.3,2.3,2.3,2.3,2.3,0.0,0.0,33204.925,2.3000000000000003,2.3,0.0030000000042491592
2019-12-4 13:40:50,965,4,0.0,0.0,0.0,0.0,2.3,2.3,2.3,2.3,2.3,2.4,0.0,0.0,33204.925,2.316666666666667,2.3,0.0030000000042491592
2019-12-4 13:41:00,965,4,0.0,0.0,0.0,0.0,2.3,2.3,2.3,2.3,2.3,2.4,0.0,0.0,33204.925,2.316666666666667,2.3,0.0030000000042491592
2019-12-4 13:41:10,965,4,0.0,0.0,0.0,0.0,2.3,2.3,2.3,2.3,2.3,2.4,0.0,0.0,33204.925,2.316666666666667,2.3,0.0030000000042491592
2019-12-4 13:41:20,965,4,0.0,0.0,0.0,0.0,2.3,2.3,2.3,2.3,2.3,2.3,0.0,0.0,33204.925,2.3000000000000003,2.3,0.0030000000042491592
2019-12-4 13:41:30,965,4,0.0,0.0,0.0,0.0,2.3,2.3,2.3,2.3,2.3,2.3,0.0,0.0,33204.925,2.3000000000000003,2.3,0.0030000000042491592
2019-12-4 13:41:40,965,4,0.0,0.0,0.0,0.0,2.3,2.3,2.3,2.3,2.3,2.3,0.0,0.0,33204.925,2.3000000000000003,2.3,0.0030000000042491592
2019-12-4 13:41:50,965,4,0.0,0.0,0.0,0.0,2.3,2.3,2.3,2.3,2.3,2.3,0.0,0.0,33204.925,2.3000000000000003,2.3,0.0030000000042491592
2019-12-4 13:42:00,965,4,0.0,0.0,0.0,0.0,2.3,2.3,2.3,2.3,2.3,2.3,0.0,0.0,33204.925,2.3000000000000003,2.3,0.0030000000042491592
2019-12-4 13:42:10,965,4,0.0,0.0,0.0,0.0,2.3,2.3,2.3,2.3,2.3,2.3,0.0,0.0,33204.925,2.3000000000000003,2.3,0.0030000000042491592
2019-12-4 13:42:20,965,4,0.0,0.0,0.0,0.0,2.3,2.3,2.3,2.3,2.3,2.3,0.0,0.0,33204.925,2.3000000000000003,2.3,0.0030000000042491592
2019-12-4 13:42:30,965,4,0.0,0.0,0.0,0.0,2.3,2.3,2.3,2.3,2.3,2.3,0.0,0.0,33204.925,2.3000000000000003,2.3,0.0030000000042491592
2019-12-4 13:42:40,965,4,0.0,0.0,0.0,0.0,2.3,2.3,2.3,2.3,2.3,2.3,0.0,0.0,33204.925,2.3000000000000003,2.3,0.0030000000042491592
2019-12-4 13:42:50,965,4,0.0,0.0,0.0,0.0,2.3,2.3,2.3,2.3,2.3,2.3,0.0,0.0,33204.925,2.3000000000000003,2.3,0.0030000000042491592
2019-12-4 13:43:00,965,4,0.0,0.0,0.0,0.0,2.3,2.3,2.3,2.3,2.3,2.3,0.0,0.0,33204.925,2.3000000000000003,2.3,0.0030000000042491592
2019-12-4 13:43:10,965,4,0.0,0.0,0.0,0.0,2.3,2.3,2.3,2.3,2.3,2.3,0.0,0.0,33204.925,2.3000000000000003,2.3,0.0030000000042491592
2019-12-4 13:43:20,965,4,0.0,0.0,0.0,0.0,2.3,2.3,2.3,2.3,2.3,2.3,0.0,0.0,33204.925,2.3000000000000003,2.3,0.0030000000042491592
2019-12-4 13:43:30,965,4,0.0,0.0,0.0,0.0,2.3,2.3,2.3,2.3,2.3,2.3,0.0,0.0,33204.925,2.3000000000000003,2.3,0.0030000000042491592
2019-12-4 13:43:40,965,4,0.0,0.0,0.0,0.0,2.3,2.3,2.3,2.3,2.3,2.3,0.0,0.0,33204.925,2.3000000000000003,2.3,0.0030000000042491592
2019-12-4 13:43:50,965,4,0.0,0.0,0.0,0.0,2.3,2.3,2.3,2.3,2.3,2.3,0.0,0.0,33204.925,2.3000000000000003,2.3,0.0030000000042491592
2019-12-4 13:44:00,965,4,0.0,0.0,0.0,0.0,2.3,2.3,2.3,2.3,2.3,2.3,0.0,0.0,33204.925,2.3000000000000003,2.3,0.0030000000042491592
2019-12-4 13:44:10,965,4,0.0,0.0,0.0,0.0,2.3,2.3,2.3,2.3,2.3,2.3,0.0,0.0,33204.925,2.3000000000000003,2.3,0.0030000000042491592
2019-12-4 13:44:20,965,4,0.0,0.0,0.0,0.0,2.3,2.3,2.3,2.3,2.3,2.3,0.0,0.0,33204.925,2.3000000000000003,2.3,0.0030000000042491592
2019-12-4 13:44:30,965,4,0.0,0.0,0.0,0.0,2.3,2.3,2.3,2.3,2.3,2.3,0.0,0.0,33204.925,2.3000000000000003,2.3,0.0030000000042491592
2019-12-4 13:44:40,965,4,0.0,0.0,0.0,0.0,2.3,2.3,2.3,2.3,2.3,2.3,0.0,0.0,33204.925,2.3000000000000003,2.3,0.0030000000042491592
2019-12-4 13:44:50,965,4,0.0,0.0,0.0,0.0,2.3,2.3,2.3,2.3,2.3,2.3,0.0,0.0,33204.925,2.3000000000000003,2.3,0.0030000000042491592
2019-12-4 13:45:00,965,4,0.0,0.0,0.0,0.0,2.3,2.3,2.3,2.3,2.3,2.3,0.0,0.0,33204.925,2.3000000000000003,2.3,0.0030000000042491592
2019-12-4 13:45:10,965,4,0.0,0.0,0.0,0.0,2.3,2.3,2.3,2.3,2.3,2.3,0.0,0.0,33204.925,2.3000000000000003,2.3,0.0030000000042491592
2019-12-4 13:45:20,965,4,0.0,0.0,0.0,0.0,2.3,2.3,2.3,2.3,2.3,2.3,0.0,0.0,33204.925,2.3000000000000003,2.3,0.0030000000042491592
2019-12-4 13:45:30,965,4,0.0,0.0,0.0,0.0,2.3,2.3,2.3,2.3,2.3,2.3,0.0,0.0,33204.925,2.3000000000000003,2.3,0.0030000000042491592
2019-12-4 13:45:40,965,4,0.0,0.0,0.0,0.0,2.3,2.3,2.3,2.3,2.3,2.3,0.0,0.0,33204.925,2.3000000000000003,2.3,0.0030000000042491592
2019-12-4 13:45:50,965,4,0.0,0.0,0.0,0.0,2.3,2.3,2.3,2.3,2.3,2.3,0.0,0.0,33204.925,2.3000000000000003,2.3,0.0030000000042491592
2019-12-4 13:46:00,965,4,0.0,0.0,0.0,0.0,2.3,2.3,2.3,2.3,2.3,2.3,0.0,0.0,33204.925,2.3000000000000003,2.3,0.0030000000042491592
2019-12-4 13:46:10,965,4,0.0,0.0,0.0,0.0,2.3,2.3,2.3,2.3,2.3,2.4,0.0,0.0,33204.925,2.316666666666667,2.3,0.0030000000042491592
2019-12-4 13:46:20,965,4,0.0,0.0,0.0,0.0,2.3,2.3,2.3,2.3,2.3,2.4,0.0,0.0,33204.925,2.316666666666667,2.3,0.0030000000042491592
2019-12-4 13:46:30,965,4,0.0,0.0,0.0,0.0,2.3,2.4,2.3,2.3,2.3,2.4,0.0,0.0,33204.925,2.333333333333333,2.3499999999999996,0.0030000000042491592
2019-12-4 13:46:40,965,4,0.0,0.0,0.0,0.0,2.3,2.4,2.3,2.4,2.4,2.4,0.0,0.0,33204.925,2.3666666666666667,2.3499999999999996,0.0030000000042491592
2019-12-4 13:46:50,965,4,0.0,0.0,0.0,0.0,2.3,2.4,2.4,2.4,2.4,2.4,0.0,0.0,33204.925,2.3833333333333333,2.3499999999999996,0.0030000000042491592
2019-12-4 13:47:00,965,4,0.0,0.0,0.0,0.0,2.3,2.4,2.4,2.4,2.4,2.4,0.0,0.0,33204.925,2.3833333333333333,2.3499999999999996,0.0030000000042491592
2019-12-4 13:47:10,965,4,0.0,0.0,0.0,0.0,2.3,2.4,2.4,2.4,2.4,2.4,0.0,0.0,33204.925,2.3833333333333333,2.3499999999999996,0.0030000000042491592
2019-12-4 13:47:20,965,4,0.0,0.0,0.0,0.0,2.3,2.4,2.3,2.4,2.4,2.4,0.0,0.0,33204.925,2.3666666666666667,2.3499999999999996,0.0030000000042491592
2019-12-4 13:47:30,965,4,0.0,0.0,0.0,0.0,2.3,2.4,2.3,2.4,2.4,2.4,0.0,0.0,33204.925,2.3666666666666667,2.3499999999999996,0.0030000000042491592
2019-12-4 13:47:40,965,4,0.0,0.0,0.0,0.0,2.3,2.4,2.3,2.3,2.4,2.4,0.0,0.0,33204.925,2.35,2.3499999999999996,0.0030000000042491592
2019-12-4 13:47:50,965,4,0.0,0.0,0.0,0.0,2.3,2.4,2.3,2.3,2.4,2.4,0.0,0.0,33204.925,2.35,2.3499999999999996,0.0030000000042491592
2019-12-4 13:48:00,965,5,0.0,0.0,0.0,0.0,2.3,2.4,2.3,2.3,2.4,2.4,0.0,0.0,33204.925,2.35,2.3499999999999996,0.0030000000042491592
2019-12-4 13:48:10,965,1,0.0,0.0,0.0,0.0,2.3,2.4,2.3,2.3,2.4,2.4,0.0,0.0,33204.925,2.35,2.3499999999999996,0.0030000000042491592
2019-12-4 13:48:20,965,1,0.0,0.0,0.0,0.0,2.3,2.4,2.3,2.4,2.4,2.4,0.0,0.0,33204.925,2.3666666666666667,2.3499999999999996,0.0030000000042491592
2019-12-4 13:48:30,965,1,0.0,0.0,0.0,0.0,2.3,2.4,2.4,2.4,2.4,2.4,0.0,0.0,33204.925,2.3833333333333333,2.3499999999999996,0.0030000000042491592
2019-12-4 13:48:40,965,1,0.0,0.0,0.0,0.0,2.3,2.4,2.4,2.4,2.4,2.4,0.0,0.0,33204.925,2.3833333333333333,2.3499999999999996,0.0030000000042491592
2019-12-4 13:48:50,965,1,0.0,0.0,0.0,0.0,2.3,2.4,2.4,2.4,2.4,2.4,0.0,0.0,33204.925,2.3833333333333333,2.3499999999999996,0.0030000000042491592
2019-12-4 13:49:00,965,1,0.0,0.0,0.0,0.0,2.3,2.4,2.4,2.4,2.4,2.4,0.0,0.0,33204.925,2.3833333333333333,2.3499999999999996,0.0030000000042491592
2019-12-4 13:49:11,965,1,0.0,0.0,0.0,0.0,2.3,2.4,2.4,2.4,2.4,2.4,0.0,0.0,33204.925,2.3833333333333333,2.3499999999999996,0.0030000000042491592
2019-12-4 13:49:21,965,1,0.0,0.0,0.0,0.0,2.3,2.4,2.3,2.4,2.4,2.4,0.0,0.0,33204.925,2.3666666666666667,2.3499999999999996,0.0030000000042491592
2019-12-4 13:49:31,965,1,0.0,0.0,0.0,0.0,2.3,2.4,2.3,2.4,2.4,2.4,0.0,0.0,33204.925,2.3666666666666667,2.3499999999999996,0.0030000000042491592
2019-12-4 13:49:41,965,1,0.0,0.0,0.0,0.0,2.3,2.4,2.3,2.4,2.4,2.4,0.0,0.0,33204.925,2.3666666666666667,2.3499999999999996,0.0030000000042491592
2019-12-4 13:49:51,965,1,0.0,0.0,0.0,0.0,2.3,2.4,2.3,2.3,2.4,2.4,0.0,0.0,33204.925,2.35,2.3499999999999996,0.0030000000042491592
2019-12-4 13:50:01,965,1,0.0,0.0,0.0,0.0,2.3,2.4,2.3,2.3,2.4,2.4,0.0,0.0,33204.925,2.35,2.3499999999999996,0.0030000000042491592
2019-12-4 13:50:11,965,1,0.0,0.0,0.0,0.0,2.3,2.4,2.3,2.3,2.4,2.4,0.0,0.0,33204.925,2.35,2.3499999999999996,0.0030000000042491592
2019-12-4 13:50:21,965,1,0.0,0.0,0.0,0.0,2.3,2.4,2.3,2.3,2.4,2.4,0.0,0.0,33204.925,2.35,2.3499999999999996,0.0030000000042491592
2019-12-4 13:50:31,965,1,0.0,0.0,0.0,0.0,2.3,2.4,2.3,2.3,2.4,2.4,0.0,0.0,33204.925,2.35,2.3499999999999996,0.0030000000042491592
2019-12-4 13:50:41,965,1,0.0,0.0,0.0,0.0,2.3,2.4,2.3,2.3,2.3,2.4,0.0,0.0,33204.925,2.333333333333333,2.3499999999999996,0.0030000000042491592
2019-12-4 13:50:51,965,1,0.0,0.0,0.0,0.0,2.3,2.3,2.3,2.3,2.3,2.4,0.0,0.0,33204.925,2.316666666666667,2.3,0.0030000000042491592
2019-12-4 13:51:01,965,1,0.0,0.0,0.0,0.0,2.3,2.3,2.3,2.3,2.3,2.4,0.0,0.0,33204.925,2.316666666666667,2.3,0.0030000000042491592
2019-12-4 13:51:11,965,1,0.0,0.0,0.0,0.0,2.3,2.3,2.3,2.3,2.3,2.4,0.0,0.0,33204.925,2.316666666666667,2.3,0.0030000000042491592
2019-12-4 13:51:21,965,1,0.0,0.0,0.0,0.0,2.3,2.3,2.3,2.3,2.3,2.4,0.0,0.0,33204.925,2.316666666666667,2.3,0.0030000000042491592
2019-12-4 13:51:31,965,1,0.0,0.0,0.0,0.0,2.3,2.3,2.3,2.3,2.3,2.4,0.0,0.0,33204.925,2.316666666666667,2.3,0.0030000000042491592
2019-12-4 13:51:41,965,1,0.0,0.0,0.0,0.0,2.3,2.3,2.3,2.3,2.3,2.4,0.0,0.0,33204.925,2.316666666666667,2.3,0.0030000000042491592
2019-12-4 13:51:51,965,1,0.0,0.0,0.0,0.0,2.3,2.3,2.3,2.3,2.3,2.4,0.0,0.0,33204.925,2.316666666666667,2.3,0.0030000000042491592
2019-12-4 13:52:01,965,1,0.0,0.0,0.0,0.0,2.3,2.3,2.3,2.3,2.3,2.4,0.0,0.0,33204.925,2.316666666666667,2.3,0.0030000000042491592
2019-12-4 13:52:11,965,1,0.0,0.0,0.0,0.0,2.3,2.3,2.3,2.3,2.3,2.4,0.0,0.0,33204.925,2.316666666666667,2.3,0.0030000000042491592
2019-12-4 13:52:21,965,1,0.0,0.0,0.0,0.0,2.3,2.3,2.3,2.3,2.3,2.4,0.0,0.0,33204.925,2.316666666666667,2.3,0.0030000000042491592
2019-12-4 13:52:31,965,1,0.0,0.0,0.0,0.0,2.3,2.3,2.3,2.3,2.3,2.4,0.0,0.0,33204.925,2.316666666666667,2.3,0.0030000000042491592
2019-12-4 13:52:41,965,1,0.0,0.0,0.0,0.0,2.3,2.3,2.3,2.3,2.3,2.4,0.0,0.0,33204.925,2.316666666666667,2.3,0.0030000000042491592
2019-12-4 13:52:51,965,1,0.0,0.0,0.0,0.0,2.3,2.3,2.3,2.3,2.3,2.4,0.0,0.0,33204.925,2.316666666666667,2.3,0.0030000000042491592
2019-12-4 13:53:01,965,1,0.0,0.0,0.0,0.0,2.3,2.3,2.3,2.3,2.3,2.4,0.0,0.0,33204.925,2.316666666666667,2.3,0.0030000000042491592
2019-12-4 13:53:11,965,1,0.0,0.0,0.0,0.0,2.3,2.3,2.3,2.3,2.3,2.4,0.0,0.0,33204.925,2.316666666666667,2.3,0.0030000000042491592
2019-12-4 13:53:21,965,1,0.0,0.0,0.0,0.0,2.3,2.3,2.3,2.3,2.3,2.4,0.0,0.0,33204.925,2.316666666666667,2.3,0.0030000000042491592
2019-12-4 13:53:31,965,1,0.0,0.0,0.0,0.0,2.3,2.3,2.3,2.3,2.3,2.4,0.0,0.0,33204.925,2.316666666666667,2.3,0.0030000000042491592
2019-12-4 13:53:41,965,1,0.0,0.0,0.0,0.0,2.3,2.3,2.3,2.3,2.3,2.4,0.0,0.0,33204.925,2.316666666666667,2.3,0.0030000000042491592
2019-12-4 13:53:51,965,1,0.0,0.0,0.0,0.0,2.3,2.3,2.3,2.3,2.3,2.4,0.0,0.0,33204.925,2.316666666666667,2.3,0.0030000000042491592
2019-12-4 13:54:01,965,1,0.0,0.0,0.0,0.0,2.3,2.3,2.3,2.3,2.3,2.4,0.0,0.0,33204.925,2.316666666666667,2.3,0.0030000000042491592
2019-12-4 13:54:11,965,1,0.0,0.0,0.0,0.0,2.3,2.3,2.3,2.3,2.3,2.3,0.0,0.0,33204.925,2.3000000000000003,2.3,0.0030000000042491592
2019-12-4 13:54:21,965,1,0.0,0.0,0.0,0.0,2.3,2.3,2.3,2.3,2.3,2.3,0.0,0.0,33204.925,2.3000000000000003,2.3,0.0030000000042491592
2019-12-4 13:54:31,965,1,0.0,0.0,0.0,0.0,2.3,2.3,2.3,2.3,2.3,2.3,0.0,0.0,33204.925,2.3000000000000003,2.3,0.0030000000042491592
2019-12-4 13:54:41,965,1,0.0,0.0,0.0,0.0,2.3,2.3,2.3,2.3,2.3,2.3,0.0,0.0,33204.925,2.3000000000000003,2.3,0.0030000000042491592
2019-12-4 13:54:51,965,1,0.0,0.0,0.0,0.0,2.3,2.3,2.3,2.3,2.3,2.3,0.0,0.0,33204.925,2.3000000000000003,2.3,0.0030000000042491592
2019-12-4 13:55:01,965,1,0.0,0.0,0.0,0.0,2.2,2.3,2.3,2.3,2.3,2.3,0.0,0.0,33204.925,2.283333333333333,2.25,0.0030000000042491592
2019-12-4 13:55:11,965,1,0.0,0.0,0.0,0.0,2.2,2.3,2.3,2.3,2.3,2.3,0.0,0.0,33204.925,2.283333333333333,2.25,0.0030000000042491592
2019-12-4 13:55:21,965,1,0.0,0.0,0.0,0.0,2.2,2.3,2.3,2.3,2.3,2.3,0.0,0.0,33204.925,2.283333333333333,2.25,0.0030000000042491592
2019-12-4 13:55:31,965,1,0.0,0.0,0.0,0.0,2.2,2.3,2.3,2.3,2.3,2.3,0.0,0.0,33204.925,2.283333333333333,2.25,0.0030000000042491592
2019-12-4 13:55:41,965,1,0.0,0.0,0.0,0.0,2.2,2.3,2.3,2.3,2.3,2.3,0.0,0.0,33204.925,2.283333333333333,2.25,0.0030000000042491592
2019-12-4 13:55:51,965,1,0.0,0.0,0.0,0.0,2.2,2.3,2.3,2.3,2.3,2.3,0.0,0.0,33204.925,2.283333333333333,2.25,0.0030000000042491592
2019-12-4 13:56:01,965,1,0.0,0.0,0.0,0.0,2.2,2.3,2.3,2.3,2.3,2.3,0.0,0.0,33204.925,2.283333333333333,2.25,0.0030000000042491592
2019-12-4 13:56:11,965,1,0.0,0.0,0.0,0.0,2.2,2.3,2.2,2.3,2.3,2.3,0.0,0.0,33204.925,2.266666666666667,2.25,0.0030000000042491592
2019-12-4 13:56:21,965,1,0.0,0.0,0.0,0.0,2.2,2.3,2.2,2.3,2.3,2.3,0.0,0.0,33204.925,2.266666666666667,2.25,0.0030000000042491592
2019-12-4 13:56:31,965,1,0.0,0.0,0.0,0.0,2.2,2.3,2.2,2.3,2.3,2.3,0.0,0.0,33204.925,2.266666666666667,2.25,0.0030000000042491592
2019-12-4 13:56:41,965,1,0.0,0.0,0.0,0.0,2.2,2.3,2.2,2.3,2.3,2.3,0.0,0.0,33204.925,2.266666666666667,2.25,0.0030000000042491592
2019-12-4 13:56:51,965,1,0.0,0.0,0.0,0.0,2.2,2.3,2.2,2.3,2.3,2.3,0.0,0.0,33204.925,2.266666666666667,2.25,0.0030000000042491592
2019-12-4 13:57:01,965,1,0.0,0.0,0.0,0.0,2.2,2.3,2.2,2.3,2.3,2.3,0.0,0.0,33204.925,2.266666666666667,2.25,0.0030000000042491592
2019-12-4 13:57:11,965,1,0.0,0.0,0.0,0.0,2.2,2.3,2.2,2.3,2.3,2.3,0.0,0.0,33204.925,2.266666666666667,2.25,0.0030000000042491592
2019-12-4 13:57:21,965,1,0.0,0.0,0.0,0.0,2.2,2.3,2.2,2.3,2.3,2.3,0.0,0.0,33204.925,2.266666666666667,2.25,0.0030000000042491592
2019-12-4 13:57:31,965,1,0.0,0.0,0.0,0.0,2.2,2.3,2.2,2.3,2.3,2.3,0.0,0.0,33204.925,2.266666666666667,2.25,0.0030000000042491592
2019-12-4 13:57:41,965,1,0.0,0.0,0.0,0.0,2.2,2.3,2.2,2.3,2.3,2.3,0.0,0.0,33204.925,2.266666666666667,2.25,0.0030000000042491592
2019-12-4 13:57:51,965,1,0.0,0.0,0.0,0.0,2.2,2.3,2.2,2.3,2.3,2.3,0.0,0.0,33204.925,2.266666666666667,2.25,0.0030000000042491592
2019-12-4 13:58:01,965,1,0.0,0.0,0.0,0.0,2.2,2.3,2.2,2.3,2.3,2.3,0.0,0.0,33204.925,2.266666666666667,2.25,0.0030000000042491592
2019-12-4 13:58:11,965,1,0.0,0.0,0.0,0.0,2.2,2.3,2.2,2.3,2.3,2.3,0.0,0.0,33204.925,2.266666666666667,2.25,0.0030000000042491592
2019-12-4 13:58:21,965,1,0.0,0.0,0.0,0.0,2.2,2.3,2.2,2.3,2.3,2.3,0.0,0.0,33204.925,2.266666666666667,2.25,0.0030000000042491592
2019-12-4 13:58:31,965,1,0.0,0.0,0.0,0.0,2.2,2.3,2.2,2.3,2.3,2.3,0.0,0.0,33204.925,2.266666666666667,2.25,0.0030000000042491592
2019-12-4 13:58:41,965,1,0.0,0.0,0.0,0.0,2.2,2.3,2.2,2.3,2.3,2.3,0.0,0.0,33204.925,2.266666666666667,2.25,0.0030000000042491592
2019-12-4 13:58:51,965,1,0.0,0.0,0.0,0.0,2.2,2.3,2.2,2.3,2.3,2.3,0.0,0.0,33204.925,2.266666666666667,2.25,0.0030000000042491592
2019-12-4 13:59:01,965,1,0.0,0.0,0.0,0.0,2.2,2.3,2.2,2.3,2.3,2.3,0.0,0.0,33204.925,2.266666666666667,2.25,0.0030000000042491592
2019-12-4 13:59:11,965,1,0.0,0.0,0.0,0.0,2.2,2.3,2.2,2.3,2.3,2.3,0.0,0.0,33204.925,2.266666666666667,2.25,0.0030000000042491592
2019-12-4 13:59:21,965,1,0.0,0.0,0.0,0.0,2.2,2.3,2.2,2.3,2.3,2.3,0.0,0.0,33204.925,2.266666666666667,2.25,0.0030000000042491592
2019-12-4 13:59:31,965,1,0.0,0.0,0.0,0.0,2.2,2.3,2.2,2.3,2.3,2.3,0.0,0.0,33204.925,2.266666666666667,2.25,0.0030000000042491592
2019-12-4 13:59:41,965,1,0.0,0.0,0.0,0.0,2.2,2.3,2.2,2.3,2.3,2.3,0.0,0.0,33204.925,2.266666666666667,2.25,0.0030000000042491592
2019-12-4 13:59:51,965,1,0.0,0.0,0.0,0.0,2.2,2.3,2.2,2.3,2.3,2.3,0.0,0.0,33204.925,2.266666666666667,2.25,0.0030000000042491592
2019-12-4 14:00:01,965,1,0.0,0.0,0.0,0.0,2.2,2.3,2.2,2.3,2.3,2.3,0.0,0.0,33204.925,2.266666666666667,2.25,0.0030000000042491592
2019-12-4 14:00:11,965,1,0.0,0.0,0.0,0.0,2.2,2.3,2.2,2.3,2.3,2.3,0.0,0.0,33204.925,2.266666666666667,2.25,0.0030000000042491592
2019-12-4 14:00:21,965,1,0.0,0.0,0.0,0.0,2.2,2.3,2.2,2.3,2.3,2.3,0.0,0.0,33204.925,2.266666666666667,2.25,0.0030000000042491592
2019-12-4 14:00:31,965,1,0.0,0.0,0.0,0.0,2.2,2.3,2.2,2.3,2.3,2.3,0.0,0.0,33204.925,2.266666666666667,2.25,0.0030000000042491592
2019-12-4 14:00:41,965,1,0.0,0.0,0.0,0.0,2.2,2.3,2.2,2.3,2.3,2.3,0.0,0.0,33204.925,2.266666666666667,2.25,0.0030000000042491592
2019-12-4 14:00:51,965,1,0.0,0.0,0.0,0.0,2.2,2.3,2.2,2.3,2.3,2.3,0.0,0.0,33204.925,2.266666666666667,2.25,0.0030000000042491592
2019-12-4 14:01:01,965,1,0.0,0.0,0.0,0.0,2.2,2.3,2.2,2.3,2.3,2.3,0.0,0.0,33204.925,2.266666666666667,2.25,0.0030000000042491592
2019-12-4 14:01:11,965,1,0.0,0.0,0.0,0.0,2.2,2.3,2.2,2.3,2.3,2.3,0.0,0.0,33204.925,2.266666666666667,2.25,0.0030000000042491592
2019-12-4 14:01:21,965,1,0.0,0.0,0.0,0.0,2.2,2.3,2.2,2.3,2.3,2.3,0.0,0.0,33204.925,2.266666666666667,2.25,0.0030000000042491592
2019-12-4 14:01:31,965,1,0.0,0.0,0.0,0.0,2.2,2.3,2.2,2.3,2.3,2.3,0.0,0.0,33204.925,2.266666666666667,2.25,0.0030000000042491592
2019-12-4 14:01:41,965,1,0.0,0.0,0.0,0.0,2.2,2.3,2.2,2.3,2.3,2.3,0.0,0.0,33204.925,2.266666666666667,2.25,0.0030000000042491592
2019-12-4 14:01:51,965,1,0.0,0.0,0.0,0.0,2.2,2.3,2.2,2.3,2.3,2.3,0.0,0.0,33204.925,2.266666666666667,2.25,0.0030000000042491592
2019-12-4 14:02:01,965,1,0.0,0.0,0.0,0.0,2.2,2.3,2.2,2.3,2.3,2.3,0.0,0.0,33204.925,2.266666666666667,2.25,0.0030000000042491592
2019-12-4 14:02:11,965,1,0.0,0.0,0.0,0.0,2.2,2.3,2.2,2.3,2.3,2.3,0.0,0.0,33204.925,2.266666666666667,2.25,0.0030000000042491592
2019-12-4 14:02:21,965,1,0.0,0.0,0.0,0.0,2.2,2.3,2.2,2.3,2.3,2.3,0.0,0.0,33204.925,2.266666666666667,2.25,0.0030000000042491592
2019-12-4 14:02:31,965,1,0.0,0.0,0.0,0.0,2.2,2.3,2.2,2.3,2.3,2.3,0.0,0.0,33204.925,2.266666666666667,2.25,0.0030000000042491592
2019-12-4 14:02:41,965,1,0.0,0.0,0.0,0.0,2.2,2.3,2.2,2.3,2.3,2.3,0.0,0.0,33204.925,2.266666666666667,2.25,0.0030000000042491592
2019-12-4 14:02:51,965,1,0.0,0.0,0.0,0.0,2.2,2.3,2.2,2.3,2.3,2.3,0.0,0.0,33204.925,2.266666666666667,2.25,0.0030000000042491592
2019-12-4 14:03:01,965,1,0.0,0.0,0.0,0.0,2.2,2.3,2.2,2.3,2.3,2.3,0.0,0.0,33204.925,2.266666666666667,2.25,0.0030000000042491592
2019-12-4 14:03:11,965,1,0.0,0.0,0.0,0.0,2.2,2.3,2.2,2.3,2.3,2.3,0.0,0.0,33204.925,2.266666666666667,2.25,0.0030000000042491592
2019-12-4 14:03:21,965,1,0.0,0.0,0.0,0.0,2.2,2.3,2.2,2.3,2.3,2.3,0.0,0.0,33204.925,2.266666666666667,2.25,0.0030000000042491592
2019-12-4 14:03:31,965,1,0.0,0.0,0.0,0.0,2.2,2.3,2.2,2.3,2.3,2.3,0.0,0.0,33204.925,2.266666666666667,2.25,0.0030000000042491592
2019-12-4 14:03:41,965,1,0.0,0.0,0.0,0.0,2.2,2.3,2.2,2.3,2.3,2.3,0.0,0.0,33204.925,2.266666666666667,2.25,0.0030000000042491592
2019-12-4 14:03:51,965,1,0.0,0.0,0.0,0.0,2.2,2.3,2.2,2.2,2.2,2.3,0.0,0.0,33204.925,2.233333333333334,2.25,0.0030000000042491592
2019-12-4 14:04:01,965,1,0.0,0.0,0.0,0.0,2.2,2.3,2.2,2.2,2.2,2.3,0.0,0.0,33204.925,2.233333333333334,2.25,0.0030000000042491592
2019-12-4 14:04:11,965,1,0.0,0.0,0.0,0.0,2.2,2.3,2.2,2.2,2.2,2.3,0.0,0.0,33204.925,2.233333333333334,2.25,0.0030000000042491592
2019-12-4 14:04:21,965,1,0.0,0.0,0.0,0.0,2.2,2.2,2.2,2.2,2.2,2.3,0.0,0.0,33204.925,2.216666666666667,2.2,0.0030000000042491592
2019-12-4 14:04:31,965,1,0.0,0.0,0.0,0.0,2.2,2.2,2.2,2.2,2.2,2.3,0.0,0.0,33204.925,2.216666666666667,2.2,0.0030000000042491592
2019-12-4 14:04:41,965,1,0.0,0.0,0.0,0.0,2.2,2.2,2.2,2.2,2.2,2.3,0.0,0.0,33204.925,2.216666666666667,2.2,0.0030000000042491592
2019-12-4 14:04:51,965,1,0.0,0.0,0.0,0.0,2.2,2.2,2.2,2.2,2.2,2.3,0.0,0.0,33204.925,2.216666666666667,2.2,0.0030000000042491592
2019-12-4 14:05:01,965,1,0.0,0.0,0.0,0.0,2.2,2.2,2.2,2.2,2.2,2.3,0.0,0.0,33204.925,2.216666666666667,2.2,0.0030000000042491592
2019-12-4 14:05:11,965,1,0.0,0.0,0.0,0.0,2.2,2.2,2.2,2.2,2.2,2.3,0.0,0.0,33204.925,2.216666666666667,2.2,0.0030000000042491592
2019-12-4 14:05:21,965,1,0.0,0.0,610.0,0.0,2.2,2.2,2.2,2.2,2.3,2.3,0.0,0.0,33204.925,2.233333333333334,2.2,0.0030000000042491592
2019-12-4 14:05:31,965,1,0.0,0.0,500.0,0.36,2.2,2.2,2.2,2.2,2.3,2.3,0.0,0.0,33204.922,2.233333333333334,2.2,0.0
2019-12-4 14:05:41,965,1,0.0,0.0,590.0,0.74,2.2,2.2,2.2,2.2,2.2,2.3,0.0,0.0,33204.922,2.216666666666667,2.2,0.0
2019-12-4 14:05:51,965,2,0.0,0.0,470.0,1.14,2.2,2.2,2.2,2.2,2.2,2.3,0.0,0.0,33204.922,2.216666666666667,2.2,0.0
2019-12-4 14:06:01,965,3,5.0,10800.0,450.0,1.18,2.2,2.3,2.2,2.3,2.2,2.3,0.0,0.0,33204.922,2.25,2.25,0.0
2019-12-4 14:06:11,965,3,14.0,14100.0,500.0,1.18,2.2,2.3,2.3,2.3,2.3,2.3,1.8,12.0,33204.922,2.283333333333333,2.25,0.0
2019-12-4 14:06:21,965,3,25.0,15200.0,490.0,1.2,2.2,2.2,2.2,2.2,2.2,2.3,4.8,13.0,33204.922,2.216666666666667,2.2,0.0
2019-12-4 14:06:31,965,3,47.0,15200.0,540.0,1.18,2.2,2.2,2.2,2.2,2.2,2.3,4.8,14.0,33204.934,2.216666666666667,2.2,0.012000000002444722
2019-12-4 14:06:41,965,3,50.0,15300.0,650.0,1.18,2.2,2.3,2.2,2.3,2.2,2.3,4.6,15.0,33204.934,2.25,2.25,0.012000000002444722
2019-12-4 14:06:51,965,3,47.0,15500.0,750.0,1.18,2.2,2.3,2.3,2.3,2.3,2.3,4.6,14.0,33204.934,2.283333333333333,2.25,0.012000000002444722
2019-12-4 14:07:01,965,3,47.0,15500.0,730.0,1.18,2.3,2.3,2.3,2.3,2.3,2.3,5.2,15.0,33204.934,2.3000000000000003,2.3,0.012000000002444722
2019-12-4 14:07:11,965,3,52.0,15500.0,740.0,1.28,2.3,2.3,2.3,2.3,2.3,2.3,6.2,14.0,33204.959,2.3000000000000003,2.3,0.03700000000389991
2019-12-4 14:07:21,965,3,51.0,15600.0,790.0,1.18,2.3,2.3,2.3,2.3,2.3,2.3,6.4,15.0,33204.959,2.3000000000000003,2.3,0.03700000000389991
2019-12-4 14:07:31,965,3,52.0,15600.0,910.0,1.18,2.3,2.3,2.3,2.3,2.3,2.3,7.0,16.0,33204.985,2.3000000000000003,2.3,0.06300000000192085
2019-12-4 14:07:41,965,3,48.0,15800.0,1050.0,1.18,2.3,2.3,2.3,2.3,2.3,2.3,7.0,17.0,33204.985,2.3000000000000003,2.3,0.06300000000192085
2019-12-4 14:07:51,965,3,50.0,15700.0,900.0,1.18,2.3,2.3,2.3,2.3,2.3,2.3,7.2,16.0,33204.985,2.3000000000000003,2.3,0.06300000000192085
2019-12-4 14:08:01,965,3,53.0,15600.0,850.0,1.18,2.3,2.3,2.3,2.3,2.3,2.3,8.0,15.0,33204.985,2.3000000000000003,2.3,0.06300000000192085
2019-12-4 14:08:11,965,3,51.0,15800.0,910.0,1.18,2.3,2.3,2.3,2.3,2.3,2.3,8.6,17.0,33205.011,2.3000000000000003,2.3,0.08899999999994179
2019-12-4 14:08:21,965,3,52.0,15700.0,980.0,1.28,2.3,2.3,2.3,2.3,2.3,2.3,9.2,16.0,33205.011,2.3000000000000003,2.3,0.08899999999994179
2019-12-4 14:08:31,965,3,51.0,15800.0,1120.0,1.18,2.3,2.3,2.3,2.3,2.3,2.3,9.0,17.0,33205.011,2.3000000000000003,2.3,0.08899999999994179
2019-12-4 14:08:41,965,1,0.0,0.0,900.0,1.18,2.2,2.3,2.3,2.3,2.3,2.3,9.2,16.0,33205.011,2.283333333333333,2.25,0.08899999999994179
2019-12-4 14:08:51,965,1,0.0,0.0,650.0,1.18,2.3,2.3,2.3,2.3,2.3,2.3,0.0,0.0,33205.011,2.3000000000000003,2.3,0.08899999999994179
2019-12-4 14:09:01,965,3,16.0,15000.0,700.0,1.18,2.3,2.3,2.3,2.3,2.3,2.3,0.0,0.0,33205.011,2.3000000000000003,2.3,0.08899999999994179
2019-12-4 14:09:11,965,3,44.0,15300.0,760.0,1.18,2.3,2.3,2.3,2.3,2.3,2.3,10.6,18.0,33205.049,2.3000000000000003,2.3,0.12700000000040745
2019-12-4 14:09:21,965,3,51.0,15400.0,940.0,1.18,2.3,2.3,2.3,2.3,2.3,2.3,11.4,15.0,33205.049,2.3000000000000003,2.3,0.12700000000040745
2019-12-4 14:09:31,965,3,51.0,15300.0,750.0,1.18,2.3,2.3,2.3,2.3,2.3,2.3,5.0,7.0,33205.049,2.3000000000000003,2.3,0.12700000000040745
2019-12-4 14:09:41,965,3,52.0,15400.0,760.0,1.2,2.3,2.3,2.3,2.3,2.3,2.3,5.0,10.0,33205.068999999996,2.3000000000000003,2.3,0.14699999999720603
2019-12-4 14:09:51,965,3,51.0,15400.0,830.0,1.18,2.3,2.3,2.3,2.3,2.3,2.3,6.2,10.0,33205.068999999996,2.3000000000000003,2.3,0.14699999999720603
2019-12-4 14:10:01,965,3,51.0,15400.0,920.0,1.18,2.3,2.3,2.3,2.3,2.3,2.3,6.2,10.0,33205.094,2.3000000000000003,2.3,0.17199999999866122
2019-12-4 14:10:11,965,3,50.0,15400.0,1050.0,1.18,2.3,2.3,2.3,2.3,2.3,2.3,6.2,10.0,33205.094,2.3000000000000003,2.3,0.17199999999866122
2019-12-4 14:10:21,965,3,53.0,15400.0,910.0,1.18,2.3,2.3,2.3,2.3,2.3,2.3,6.2,9.0,33205.094,2.3000000000000003,2.3,0.17199999999866122
2019-12-4 14:10:31,965,3,54.0,15200.0,840.0,1.18,2.3,2.3,2.3,2.3,2.3,2.3,6.8,10.0,33205.121,2.3000000000000003,2.3,0.19900000000052387
2019-12-4 14:10:41,965,3,51.0,15300.0,920.0,1.18,2.3,2.3,2.3,2.3,2.3,2.3,6.8,9.0,33205.121,2.3000000000000003,2.3,0.19900000000052387
2019-12-4 14:10:51,965,3,52.0,15300.0,970.0,1.24,2.3,2.3,2.3,2.3,2.3,2.3,7.2,14.0,33205.121,2.3000000000000003,2.3,0.19900000000052387
2019-12-4 14:11:01,965,3,50.0,15400.0,1100.0,1.18,2.3,2.3,2.3,2.3,2.3,2.3,7.2,15.0,33205.121,2.3000000000000003,2.3,0.19900000000052387
2019-12-4 14:11:11,965,3,51.0,15400.0,990.0,1.18,2.2,2.3,2.3,2.3,2.3,2.3,8.4,18.0,33205.147000000004,2.283333333333333,2.25,0.22500000000582077
2019-12-4 14:11:21,965,3,53.0,15100.0,930.0,1.18,2.2,2.3,2.3,2.3,2.3,2.3,8.8,17.0,33205.147000000004,2.283333333333333,2.25,0.22500000000582077
2019-12-4 14:11:31,965,3,51.0,15200.0,950.0,1.18,2.2,2.3,2.2,2.3,2.2,2.3,8.6,21.0,33205.172999999995,2.25,2.25,0.25099999999656575
2019-12-4 14:11:41,965,3,51.0,15200.0,970.0,1.18,2.2,2.2,2.2,2.2,2.2,2.3,7.6,20.0,33205.172999999995,2.216666666666667,2.2,0.25099999999656575
2019-12-4 14:11:51,965,3,51.0,15100.0,1090.0,1.18,2.2,2.2,2.2,2.2,2.2,2.2,7.6,17.0,33205.172999999995,2.1999999999999997,2.2,0.25099999999656575
2019-12-4 14:12:01,965,3,54.0,14900.0,1050.0,1.18,2.1,2.1,2.1,2.1,2.1,2.2,7.4,15.0,33205.172999999995,2.1166666666666667,2.1,0.25099999999656575
2019-12-4 14:12:11,965,3,54.0,14400.0,910.0,1.26,2.0,2.0,2.0,2.0,2.0,2.1,0.0,0.0,33205.2,2.0166666666666666,2.0,0.2779999999984284
2019-12-4 14:12:21,965,3,51.0,14700.0,980.0,1.18,2.0,2.1,2.0,2.1,2.0,2.1,0.0,0.0,33205.2,2.05,2.05,0.2779999999984284
2019-12-4 14:12:31,965,3,50.0,14900.0,1030.0,1.18,2.1,2.1,2.1,2.1,2.1,2.2,0.0,0.0,33205.225,2.1166666666666667,2.1,0.3029999999998836
2019-12-4 14:12:41,965,3,49.0,15100.0,1130.0,1.18,2.1,2.2,2.1,2.2,2.1,2.2,0.0,0.0,33205.225,2.1500000000000004,2.1500000000000004,0.3029999999998836
2019-12-4 14:12:51,965,3,50.0,15200.0,1070.0,1.18,2.2,2.2,2.2,2.2,2.2,2.2,0.0,0.0,33205.225,2.1999999999999997,2.2,0.3029999999998836
2019-12-4 14:13:01,965,3,53.0,15200.0,950.0,1.18,2.2,2.3,2.2,2.3,2.2,2.3,0.0,0.0,33205.225,2.25,2.25,0.3029999999998836
2019-12-4 14:13:11,965,3,49.0,15400.0,1010.0,1.18,2.3,2.3,2.2,2.4,2.2,2.3,0.0,0.0,33205.252,2.283333333333333,2.3,0.33000000000174623
2019-12-4 14:13:21,965,3,51.0,15400.0,1060.0,1.18,2.3,2.3,2.3,2.4,2.3,2.3,5.0,25.0,33205.252,2.3166666666666664,2.3,0.33000000000174623
2019-12-4 14:13:31,965,3,52.0,15300.0,1200.0,1.18,2.3,2.3,2.3,2.3,2.3,2.3,10.0,32.0,33205.276,2.3000000000000003,2.3,0.3539999999993597
2019-12-4 14:13:41,965,3,53.0,15100.0,1100.0,1.18,2.2,2.2,2.2,2.3,2.2,2.3,10.0,14.0,33205.276,2.233333333333334,2.2,0.3539999999993597
2019-12-4 14:13:51,965,3,52.0,15000.0,1010.0,1.18,2.2,2.2,2.2,2.3,2.2,2.3,0.0,0.0,33205.276,2.233333333333334,2.2,0.3539999999993597
2019-12-4 14:14:01,965,3,50.0,15300.0,1070.0,1.18,2.3,2.3,2.3,2.4,2.3,2.3,0.0,0.0,33205.276,2.3166666666666664,2.3,0.3539999999993597
2019-12-4 14:14:11,965,3,50.0,15500.0,1100.0,1.18,2.3,2.4,2.3,2.4,2.3,2.4,0.0,0.0,33205.276,2.35,2.3499999999999996,0.3539999999993597
2019-12-4 14:14:21,965,3,49.0,15600.0,1210.0,1.2,2.4,2.4,2.3,2.4,2.3,2.3,2.0,28.0,33205.276,2.35,2.4,0.3539999999993597
2019-12-4 14:14:31,965,3,51.0,15500.0,1080.0,1.18,2.3,2.4,2.3,2.4,2.3,2.4,10.8,36.0,33205.276,2.35,2.3499999999999996,0.3539999999993597
2019-12-4 14:14:41,965,3,53.0,15300.0,960.0,1.18,2.3,2.3,2.3,2.4,2.3,2.3,11.2,36.0,33205.333,2.3166666666666664,2.3,0.4110000000000582
2019-12-4 14:14:51,965,3,51.0,15400.0,1020.0,1.18,2.3,2.3,2.3,2.4,2.3,2.3,8.6,37.0,33205.333,2.3166666666666664,2.3,0.4110000000000582
2019-12-4 14:15:01,965,3,51.0,15400.0,1090.0,1.18,2.3,2.3,2.3,2.4,2.3,2.4,8.2,34.0,33205.354,2.333333333333333,2.3,0.4320000000006985
2019-12-4 14:15:11,965,3,51.0,15400.0,1190.0,1.18,2.3,2.3,2.3,2.4,2.3,2.3,8.0,35.0,33205.354,2.3166666666666664,2.3,0.4320000000006985
2019-12-4 14:15:21,965,3,51.0,15400.0,1050.0,1.18,2.3,2.3,2.3,2.4,2.3,2.3,8.8,35.0,33205.354,2.3166666666666664,2.3,0.4320000000006985
2019-12-4 14:15:31,965,3,53.0,15100.0,960.0,1.18,2.3,2.3,2.3,2.4,2.3,2.3,8.8,36.0,33205.38,2.3166666666666664,2.3,0.45799999999871943
2019-12-4 14:15:41,965,3,52.0,15200.0,1000.0,1.18,2.3,2.3,2.3,2.4,2.3,2.3,8.8,35.0,33205.38,2.3166666666666664,2.3,0.45799999999871943
2019-12-4 14:15:51,965,3,51.0,15300.0,1050.0,1.24,2.3,2.3,2.3,2.4,2.3,2.4,7.8,0.0,33205.38,2.333333333333333,2.3,0.45799999999871943
2019-12-4 14:16:01,965,3,48.0,15500.0,1180.0,1.18,2.4,2.4,2.3,2.4,2.4,2.4,0.0,0.0,33205.38,2.3833333333333333,2.4,0.45799999999871943
2019-12-4 14:16:11,965,3,38.0,15600.0,1010.0,1.18,2.4,2.4,2.4,2.5,2.4,2.4,0.0,0.0,33205.406,2.4166666666666665,2.4,0.48400000000401633
2019-12-4 14:16:21,965,3,43.0,15400.0,880.0,1.18,2.4,2.4,2.4,2.5,2.4,2.4,9.4,39.0,33205.406,2.4166666666666665,2.4,0.48400000000401633
2019-12-4 14:16:31,965,3,44.0,15300.0,880.0,1.18,2.4,2.4,2.4,2.5,2.4,2.4,10.2,39.0,33205.427,2.4166666666666665,2.4,0.5050000000046566
2019-12-4 14:16:41,965,3,43.0,15300.0,950.0,1.18,2.3,2.4,2.4,2.4,2.4,2.4,10.0,41.0,33205.427,2.3833333333333333,2.3499999999999996,0.5050000000046566
2019-12-4 14:16:51,965,3,43.0,15400.0,1060.0,1.18,2.3,2.4,2.3,2.4,2.4,2.3,10.2,39.0,33205.427,2.3499999999999996,2.3499999999999996,0.5050000000046566
2019-12-4 14:17:01,965,3,44.0,15300.0,890.0,1.18,2.3,2.3,2.3,2.4,2.3,2.4,10.2,35.0,33205.449,2.333333333333333,2.3,0.5270000000018626
2019-12-4 14:17:11,965,3,48.0,15100.0,800.0,1.24,2.3,2.3,2.3,2.4,2.3,2.4,7.6,33.0,33205.449,2.333333333333333,2.3,0.5270000000018626
2019-12-4 14:17:21,965,3,47.0,15100.0,830.0,1.2,2.3,2.3,2.3,2.4,2.3,2.4,8.2,33.0,33205.449,2.333333333333333,2.3,0.5270000000018626
2019-12-4 14:17:31,965,3,46.0,15100.0,860.0,1.18,2.3,2.3,2.3,2.4,2.3,2.4,8.8,31.0,33205.449,2.333333333333333,2.3,0.5270000000018626
2019-12-4 14:17:41,965,3,45.0,15200.0,980.0,1.18,2.3,2.3,2.3,2.4,2.3,2.3,8.8,34.0,33205.473,2.3166666666666664,2.3,0.5509999999994761
2019-12-4 14:17:51,965,3,45.0,15200.0,870.0,1.18,2.3,2.3,2.3,2.3,2.3,2.4,8.8,31.0,33205.473,2.316666666666667,2.3,0.5509999999994761
2019-12-4 14:18:01,965,3,48.0,15100.0,760.0,1.18,2.3,2.3,2.3,2.4,2.3,2.4,8.6,33.0,33205.495,2.333333333333333,2.3,0.5730000000039581
2019-12-4 14:18:11,965,3,48.0,15100.0,760.0,1.18,2.3,2.3,2.3,2.4,2.3,2.4,8.8,29.0,33205.495,2.333333333333333,2.3,0.5730000000039581
2019-12-4 14:18:21,965,3,45.0,15200.0,840.0,1.26,2.3,2.3,2.3,2.3,2.3,2.4,8.8,31.0,33205.495,2.316666666666667,2.3,0.5730000000039581
2019-12-4 14:18:31,965,3,44.0,15200.0,1000.0,1.18,2.3,2.3,2.3,2.4,2.3,2.3,8.6,30.0,33205.519,2.3166666666666664,2.3,0.5970000000015716
2019-12-4 14:18:41,965,3,43.0,15200.0,900.0,1.18,2.3,2.3,2.3,2.3,2.3,2.3,8.6,30.0,33205.519,2.3000000000000003,2.3,0.5970000000015716
2019-12-4 14:18:51,965,3,48.0,15100.0,730.0,1.18,2.3,2.3,2.3,2.3,2.3,2.3,8.8,30.0,33205.519,2.3000000000000003,2.3,0.5970000000015716
2019-12-4 14:19:01,965,3,47.0,15100.0,790.0,1.18,2.3,2.3,2.3,2.3,2.3,2.3,8.8,29.0,33205.519,2.3000000000000003,2.3,0.5970000000015716
2019-12-4 14:19:11,965,3,46.0,15100.0,860.0,1.18,2.3,2.3,2.3,2.3,2.3,2.4,8.6,30.0,33205.543,2.316666666666667,2.3,0.6209999999991851
2019-12-4 14:19:21,965,3,44.0,15100.0,980.0,1.18,2.3,2.3,2.3,2.3,2.3,2.3,8.8,29.0,33205.543,2.3000000000000003,2.3,0.6209999999991851
2019-12-4 14:19:31,965,3,44.0,15200.0,920.0,1.26,2.2,2.3,2.3,2.3,2.3,2.3,8.8,32.0,33205.543,2.283333333333333,2.25,0.6209999999991851
2019-12-4 14:19:41,965,3,49.0,15000.0,760.0,1.2,2.2,2.3,2.3,2.3,2.3,2.3,8.6,30.0,33205.543,2.283333333333333,2.25,0.6209999999991851
2019-12-4 14:19:51,965,3,48.0,15000.0,800.0,1.18,2.2,2.3,2.3,2.3,2.3,2.3,8.8,32.0,33205.543,2.283333333333333,2.25,0.6209999999991851
2019-12-4 14:20:01,965,3,47.0,15100.0,810.0,1.18,2.3,2.3,2.3,2.3,2.3,2.4,5.2,28.0,33205.543,2.316666666666667,2.3,0.6209999999991851
2019-12-4 14:20:11,965,3,44.0,15200.0,980.0,1.18,2.3,2.3,2.3,2.3,2.3,2.3,6.0,31.0,33205.595,2.3000000000000003,2.3,0.6730000000025029
2019-12-4 14:20:21,965,3,42.0,15200.0,930.0,1.18,2.3,2.3,2.3,2.3,2.3,2.4,6.8,34.0,33205.595,2.316666666666667,2.3,0.6730000000025029
2019-12-4 14:20:31,965,3,47.0,15100.0,780.0,1.18,2.3,2.3,2.3,2.3,2.3,2.3,7.6,32.0,33205.595,2.3000000000000003,2.3,0.6730000000025029
2019-12-4 14:20:41,965,3,47.0,15100.0,750.0,1.26,2.3,2.3,2.3,2.3,2.3,2.4,7.6,31.0,33205.612,2.316666666666667,2.3,0.6900000000023283
2019-12-4 14:20:51,965,3,45.0,15100.0,860.0,1.18,2.3,2.3,2.3,2.3,2.3,2.4,7.6,33.0,33205.612,2.316666666666667,2.3,0.6900000000023283
2019-12-4 14:21:01,965,3,45.0,15100.0,960.0,1.18,2.3,2.3,2.3,2.3,2.3,2.3,7.8,35.0,33205.635,2.3000000000000003,2.3,0.713000000003376
2019-12-4 14:21:11,965,3,42.0,15200.0,870.0,1.18,2.3,2.3,2.3,2.3,2.3,2.3,7.6,32.0,33205.635,2.3000000000000003,2.3,0.713000000003376
2019-12-4 14:21:21,965,3,46.0,15100.0,760.0,1.18,2.3,2.3,2.3,2.3,2.3,2.3,7.6,31.0,33205.635,2.3000000000000003,2.3,0.713000000003376
2019-12-4 14:21:31,965,3,47.0,15100.0,740.0,1.18,2.3,2.3,2.3,2.3,2.3,2.4,7.8,34.0,33205.635,2.316666666666667,2.3,0.713000000003376
2019-12-4 14:21:41,965,3,45.0,15100.0,800.0,1.18,2.3,2.3,2.3,2.3,2.3,2.4,7.6,31.0,33205.657999999996,2.316666666666667,2.3,0.7359999999971478
2019-12-4 14:21:51,965,3,43.0,15200.0,970.0,1.28,2.3,2.3,2.3,2.3,2.3,2.4,7.6,31.0,33205.657999999996,2.316666666666667,2.3,0.7359999999971478
2019-12-4 14:22:01,965,3,42.0,15200.0,850.0,1.18,2.3,2.3,2.3,2.3,2.3,2.4,7.6,29.0,33205.657999999996,2.316666666666667,2.3,0.7359999999971478
2019-12-4 14:22:11,965,3,44.0,15200.0,700.0,1.18,2.3,2.3,2.3,2.3,2.3,2.4,7.6,32.0,33205.68,2.316666666666667,2.3,0.7580000000016298
2019-12-4 14:22:21,965,3,45.0,15100.0,740.0,1.18,2.3,2.3,2.3,2.3,2.3,2.4,7.6,29.0,33205.68,2.316666666666667,2.3,0.7580000000016298
2019-12-4 14:22:31,965,3,43.0,15200.0,710.0,1.18,2.3,2.3,2.3,2.3,2.3,2.4,7.8,24.0,33205.68,2.316666666666667,2.3,0.7580000000016298
2019-12-4 14:22:41,965,3,40.0,15300.0,860.0,1.18,2.3,2.4,2.4,2.4,2.4,2.4,0.0,0.0,33205.702000000005,2.3833333333333333,2.3499999999999996,0.7800000000061118
2019-12-4 14:22:51,965,3,36.0,15300.0,770.0,1.18,2.4,2.4,2.4,2.4,2.4,2.4,0.0,0.0,33205.702000000005,2.4,2.4,0.7800000000061118
2019-12-4 14:23:01,965,3,36.0,15500.0,670.0,1.2,2.4,2.5,2.4,2.5,2.4,2.4,0.0,11.0,33205.702000000005,2.4333333333333336,2.45,0.7800000000061118
2019-12-4 14:23:11,965,3,39.0,15300.0,660.0,1.18,2.4,2.4,2.4,2.4,2.4,2.4,11.8,31.0,33205.721,2.4,2.4,0.7989999999990687
2019-12-4 14:23:21,965,3,40.0,15200.0,720.0,1.18,2.4,2.4,2.4,2.4,2.4,2.4,12.8,28.0,33205.721,2.4,2.4,0.7989999999990687
2019-12-4 14:23:31,965,3,41.0,15200.0,890.0,1.18,2.3,2.4,2.4,2.4,2.4,2.4,13.0,25.0,33205.721,2.3833333333333333,2.3499999999999996,0.7989999999990687
2019-12-4 14:23:41,965,3,42.0,15100.0,780.0,1.18,2.3,2.3,2.3,2.3,2.3,2.4,12.8,20.0,33205.742,2.316666666666667,2.3,0.819999999999709
2019-12-4 14:23:51,965,3,44.0,15100.0,690.0,1.18,2.3,2.3,2.3,2.3,2.3,2.4,8.0,16.0,33205.742,2.316666666666667,2.3,0.819999999999709
2019-12-4 14:24:01,965,3,47.0,15000.0,730.0,1.28,2.3,2.3,2.3,2.3,2.3,2.4,8.4,16.0,33205.742,2.316666666666667,2.3,0.819999999999709
2019-12-4 14:24:11,965,3,44.0,15100.0,750.0,1.18,2.3,2.3,2.3,2.3,2.3,2.4,8.2,15.0,33205.763999999996,2.316666666666667,2.3,0.841999999996915
2019-12-4 14:24:21,965,3,43.0,15100.0,890.0,1.18,2.3,2.3,2.3,2.3,2.3,2.4,8.4,14.0,33205.763999999996,2.316666666666667,2.3,0.841999999996915
2019-12-4 14:24:31,965,3,52.0,15100.0,830.0,1.18,2.3,2.3,2.3,2.3,2.3,2.4,8.4,15.0,33205.763999999996,2.316666666666667,2.3,0.841999999996915
2019-12-4 14:24:41,965,3,54.0,15100.0,740.0,1.18,2.3,2.3,2.3,2.3,2.3,2.4,6.8,14.0,33205.786,2.316666666666667,2.3,0.864000000001397
2019-12-4 14:24:51,965,3,54.0,15100.0,770.0,1.18,2.3,2.3,2.3,2.3,2.3,2.4,9.2,14.0,33205.786,2.316666666666667,2.3,0.864000000001397
2019-12-4 14:25:01,965,3,53.0,15100.0,830.0,1.24,2.3,2.3,2.3,2.3,2.3,2.4,9.0,14.0,33205.786,2.316666666666667,2.3,0.864000000001397
2019-12-4 14:25:11,965,3,52.0,15200.0,980.0,1.18,2.3,2.3,2.3,2.3,2.3,2.3,9.0,13.0,33205.786,2.3000000000000003,2.3,0.864000000001397
2019-12-4 14:25:21,965,3,50.0,15100.0,910.0,1.18,2.3,2.3,2.3,2.3,2.3,2.3,9.2,12.0,33205.786,2.3000000000000003,2.3,0.864000000001397
2019-12-4 14:25:31,965,3,55.0,15100.0,780.0,1.18,2.3,2.3,2.3,2.3,2.3,2.3,7.4,10.0,33205.786,2.3000000000000003,2.3,0.864000000001397
2019-12-4 14:25:41,965,3,55.0,15000.0,800.0,1.18,2.3,2.3,2.3,2.3,2.3,2.3,8.4,13.0,33205.846,2.3000000000000003,2.3,0.9239999999990687
2019-12-4 14:25:51,965,3,53.0,15100.0,870.0,1.18,2.2,2.3,2.3,2.3,2.3,2.3,8.8,12.0,33205.846,2.283333333333333,2.25,0.9239999999990687
2019-12-4 14:26:01,965,3,52.0,15200.0,1040.0,1.18,2.2,2.3,2.3,2.3,2.3,2.3,8.6,12.0,33205.846,2.283333333333333,2.25,0.9239999999990687
2019-12-4 14:26:11,965,3,52.0,15100.0,940.0,1.18,2.2,2.3,2.2,2.2,2.2,2.3,8.6,12.0,33205.867,2.233333333333334,2.25,0.944999999999709
2019-12-4 14:26:21,965,3,55.0,15100.0,820.0,1.2,2.2,2.3,2.3,2.3,2.2,2.3,6.4,12.0,33205.867,2.266666666666667,2.25,0.944999999999709
2019-12-4 14:26:31,965,3,56.0,15000.0,810.0,1.18,2.2,2.3,2.3,2.3,2.3,2.3,6.2,12.0,33205.867,2.283333333333333,2.25,0.944999999999709
2019-12-4 14:26:41,965,3,52.0,15100.0,870.0,1.18,2.3,2.3,2.3,2.3,2.3,2.3,6.8,13.0,33205.894,2.3000000000000003,2.3,0.9720000000015716
2019-12-4 14:26:51,965,3,46.0,15100.0,1010.0,1.18,2.2,2.3,2.3,2.3,2.3,2.3,7.2,13.0,33205.894,2.283333333333333,2.25,0.9720000000015716
2019-12-4 14:27:01,965,3,47.0,15100.0,1000.0,1.18,2.2,2.3,2.3,2.3,2.3,2.3,7.2,15.0,33205.894,2.283333333333333,2.25,0.9720000000015716
2019-12-4 14:27:11,965,3,53.0,15000.0,820.0,1.18,2.3,2.3,2.3,2.3,2.3,2.3,7.2,18.0,33205.92,2.3000000000000003,2.3,0.9979999999995925
2019-12-4 14:27:21,965,3,55.0,14900.0,770.0,1.18,2.3,2.3,2.3,2.3,2.3,2.3,7.0,15.0,33205.92,2.3000000000000003,2.3,0.9979999999995925
2019-12-4 14:27:31,965,3,49.0,15000.0,850.0,1.2,2.3,2.3,2.3,2.3,2.3,2.3,7.8,18.0,33205.92,2.3000000000000003,2.3,0.9979999999995925
2019-12-4 14:27:41,965,3,48.0,15100.0,1030.0,1.18,2.3,2.3,2.3,2.3,2.3,2.3,8.4,18.0,33205.946,2.3000000000000003,2.3,1.0240000000048894
2019-12-4 14:27:51,965,3,46.0,15100.0,960.0,1.18,2.2,2.3,2.3,2.3,2.3,2.3,8.4,19.0,33205.946,2.283333333333333,2.25,1.0240000000048894
2019-12-4 14:28:01,965,3,51.0,15000.0,780.0,1.18,2.2,2.3,2.3,2.3,2.3,2.3,8.4,18.0,33205.946,2.283333333333333,2.25,1.0240000000048894
2019-12-4 14:28:11,965,3,54.0,14900.0,780.0,1.18,2.2,2.3,2.3,2.3,2.3,2.3,8.4,20.0,33205.97,2.283333333333333,2.25,1.048000000002503
2019-12-4 14:28:21,965,3,48.0,15000.0,890.0,1.18,2.2,2.3,2.3,2.3,2.3,2.3,8.4,19.0,33205.97,2.283333333333333,2.25,1.048000000002503
2019-12-4 14:28:31,965,3,48.0,15100.0,990.0,1.18,2.2,2.3,2.3,2.3,2.3,2.3,8.4,17.0,33205.97,2.283333333333333,2.25,1.048000000002503
2019-12-4 14:28:41,965,3,48.0,15000.0,970.0,1.2,2.2,2.2,2.2,2.2,2.2,2.3,8.4,17.0,33205.995,2.216666666666667,2.2,1.0730000000039581
2019-12-4 14:28:51,965,3,53.0,14900.0,820.0,1.18,2.2,2.2,2.2,2.2,2.2,2.3,8.4,17.0,33205.995,2.216666666666667,2.2,1.0730000000039581
2019-12-4 14:29:01,965,3,54.0,14900.0,820.0,1.18,2.2,2.2,2.2,2.2,2.2,2.3,8.4,19.0,33205.995,2.216666666666667,2.2,1.0730000000039581
2019-12-4 14:29:11,965,2,0.0,0.0,680.0,1.18,2.3,2.3,2.3,2.3,2.3,2.3,0.0,0.0,33206.021,2.3000000000000003,2.3,1.099000000001979
2019-12-4 14:29:21,965,2,0.0,0.0,660.0,0.96,2.3,2.3,2.3,2.3,2.3,2.3,0.0,0.0,33206.021,2.3000000000000003,2.3,1.099000000001979
2019-12-4 14:29:31,965,1,0.0,0.0,540.0,0.54,2.3,2.3,2.3,2.3,2.3,2.3,0.0,0.0,33206.021,2.3000000000000003,2.3,1.099000000001979
2019-12-4 14:29:41,965,1,0.0,0.0,660.0,0.22,2.3,2.3,2.3,2.3,2.3,2.3,0.0,0.0,33206.03,2.3000000000000003,2.3,1.1080000000001746
2019-12-4 14:29:51,965,1,0.0,0.0,0.0,0.06,2.3,2.3,2.3,2.3,2.3,2.3,0.0,0.0,33206.03,2.3000000000000003,2.3,1.1080000000001746
2019-12-4 14:30:01,965,1,0.0,0.0,570.0,0.0,2.3,2.3,2.3,2.3,2.3,2.3,0.0,0.0,33206.03,2.3000000000000003,2.3,1.1080000000001746
2019-12-4 14:30:11,965,1,0.0,0.0,530.0,0.32,2.3,2.3,2.3,2.3,2.3,2.3,0.0,0.0,33206.03,2.3000000000000003,2.3,1.1080000000001746
2019-12-4 14:30:21,965,1,0.0,0.0,640.0,0.76,2.3,2.3,2.3,2.3,2.3,2.3,0.0,0.0,33206.03,2.3000000000000003,2.3,1.1080000000001746
2019-12-4 14:30:31,965,2,0.0,0.0,570.0,1.08,2.3,2.3,2.3,2.3,2.3,2.3,0.0,0.0,33206.03,2.3000000000000003,2.3,1.1080000000001746
2019-12-4 14:30:41,965,3,11.0,14700.0,590.0,1.26,2.3,2.3,2.3,2.3,2.3,2.3,5.2,18.0,33206.03,2.3000000000000003,2.3,1.1080000000001746
2019-12-4 14:30:51,965,3,54.0,14900.0,790.0,1.28,2.3,2.3,2.3,2.3,2.3,2.3,10.4,24.0,33206.03,2.3000000000000003,2.3,1.1080000000001746
2019-12-4 14:31:01,965,3,67.0,14600.0,810.0,1.24,2.1,2.2,2.2,2.2,2.2,2.2,9.8,5.0,33206.03,2.1833333333333336,2.1500000000000004,1.1080000000001746
2019-12-4 14:31:11,965,3,71.0,14000.0,710.0,1.28,2.0,2.0,2.0,2.0,2.0,2.0,0.0,0.0,33206.03,2.0,2.0,1.1080000000001746
2019-12-4 14:31:21,965,3,54.0,14200.0,770.0,1.28,2.0,2.0,2.0,2.0,2.0,2.0,0.0,0.0,33206.03,2.0,2.0,1.1080000000001746
2019-12-4 14:31:31,965,3,54.0,14600.0,880.0,1.24,2.0,2.1,2.0,2.0,2.0,2.1,0.0,0.0,33206.03,2.033333333333333,2.05,1.1080000000001746
2019-12-4 14:31:41,965,3,55.0,14700.0,990.0,1.28,2.1,2.1,2.1,2.1,2.1,2.1,0.0,0.0,33206.03,2.1,2.1,1.1080000000001746
2019-12-4 14:31:51,965,3,51.0,14700.0,910.0,1.28,2.1,2.2,2.1,2.2,2.1,2.2,4.0,18.0,33206.09,2.1500000000000004,2.1500000000000004,1.1679999999978463
2019-12-4 14:32:01,965,3,53.0,14500.0,780.0,1.22,2.1,2.1,2.1,2.1,2.1,2.1,10.8,28.0,33206.09,2.1,2.1,1.1679999999978463
2019-12-4 14:32:11,965,3,49.0,14700.0,820.0,1.28,2.1,2.1,2.1,2.1,2.1,2.1,7.6,27.0,33206.09,2.1,2.1,1.1679999999978463
2019-12-4 14:32:21,965,3,47.0,15100.0,910.0,1.28,2.1,2.2,2.1,2.1,2.1,2.2,0.0,0.0,33206.115,2.1333333333333333,2.1500000000000004,1.1929999999993015
2019-12-4 14:32:31,965,3,41.0,14900.0,910.0,1.28,2.2,2.2,2.1,2.2,2.2,2.2,0.0,0.0,33206.115,2.183333333333333,2.2,1.1929999999993015
2019-12-4 14:32:41,965,2,0.0,0.0,660.0,1.24,2.2,2.2,2.1,2.2,2.2,2.2,0.0,0.0,33206.115,2.183333333333333,2.2,1.1929999999993015
2019-12-4 14:32:51,965,2,0.0,0.0,490.0,0.92,2.2,2.2,2.2,2.2,2.2,2.2,0.0,0.0,33206.134,2.1999999999999997,2.2,1.2119999999995343
2019-12-4 14:33:01,965,1,0.0,0.0,390.0,0.46,2.2,2.2,2.2,2.2,2.2,2.2,0.0,0.0,33206.134,2.1999999999999997,2.2,1.2119999999995343
2019-12-4 14:33:11,965,1,0.0,0.0,590.0,0.16,2.2,2.2,2.2,2.2,2.2,2.2,0.0,0.0,33206.134,2.1999999999999997,2.2,1.2119999999995343
2019-12-4 14:33:21,965,1,0.0,0.0,0.0,0.12,2.2,2.2,2.2,2.2,2.2,2.2,0.0,0.0,33206.134,2.1999999999999997,2.2,1.2119999999995343
2019-12-4 14:33:31,965,1,0.0,0.0,0.0,0.0,2.2,2.2,2.2,2.2,2.2,2.2,0.0,0.0,33206.134,2.1999999999999997,2.2,1.2119999999995343
2019-12-4 14:33:41,965,1,0.0,0.0,0.0,0.0,2.2,2.2,2.2,2.2,2.2,2.2,0.0,0.0,33206.134,2.1999999999999997,2.2,1.2119999999995343
2019-12-4 14:33:51,965,1,0.0,0.0,0.0,0.0,2.2,2.2,2.2,2.2,2.2,2.2,0.0,0.0,33206.134,2.1999999999999997,2.2,1.2119999999995343
2019-12-4 14:34:01,965,1,0.0,0.0,0.0,0.0,2.2,2.2,2.2,2.2,2.2,2.2,0.0,0.0,33206.134,2.1999999999999997,2.2,1.2119999999995343
2019-12-4 14:34:11,965,1,0.0,0.0,0.0,0.0,2.2,2.2,2.2,2.2,2.2,2.2,0.0,0.0,33206.134,2.1999999999999997,2.2,1.2119999999995343
2019-12-4 14:34:21,965,1,0.0,0.0,0.0,0.0,2.2,2.2,2.2,2.2,2.2,2.2,0.0,0.0,33206.134,2.1999999999999997,2.2,1.2119999999995343
2019-12-4 14:34:31,965,1,0.0,0.0,0.0,0.0,2.2,2.2,2.2,2.2,2.2,2.2,0.0,0.0,33206.134,2.1999999999999997,2.2,1.2119999999995343
2019-12-4 14:34:41,965,1,0.0,0.0,0.0,0.0,2.2,2.2,2.2,2.2,2.2,2.2,0.0,0.0,33206.134,2.1999999999999997,2.2,1.2119999999995343
2019-12-4 14:34:51,965,1,0.0,0.0,0.0,0.0,2.2,2.2,2.2,2.2,2.2,2.2,0.0,0.0,33206.134,2.1999999999999997,2.2,1.2119999999995343
2019-12-4 14:35:01,965,4,0.0,0.0,0.0,0.0,2.2,2.2,2.2,2.2,2.2,2.2,0.0,0.0,33206.134,2.1999999999999997,2.2,1.2119999999995343
2019-12-4 14:35:11,965,4,0.0,0.0,0.0,0.0,2.2,2.2,2.2,2.2,2.2,2.2,0.0,0.0,33206.134,2.1999999999999997,2.2,1.2119999999995343
2019-12-4 14:35:21,965,4,0.0,0.0,0.0,0.0,2.2,2.2,2.2,2.2,2.2,2.2,0.0,0.0,33206.134,2.1999999999999997,2.2,1.2119999999995343
2019-12-4 14:35:31,965,4,0.0,0.0,0.0,0.0,2.2,2.2,2.2,2.2,2.2,2.2,0.0,0.0,33206.134,2.1999999999999997,2.2,1.2119999999995343
2019-12-4 14:35:41,965,4,0.0,0.0,0.0,0.0,2.2,2.2,2.2,2.2,2.2,2.2,0.0,0.0,33206.134,2.1999999999999997,2.2,1.2119999999995343
2019-12-4 14:35:51,965,4,0.0,0.0,0.0,0.0,2.2,2.2,2.2,2.2,2.2,2.2,0.0,0.0,33206.134,2.1999999999999997,2.2,1.2119999999995343
2019-12-4 14:36:01,965,4,0.0,0.0,0.0,0.0,2.2,2.2,2.2,2.2,2.2,2.2,0.0,0.0,33206.134,2.1999999999999997,2.2,1.2119999999995343
2019-12-4 14:36:11,965,4,0.0,0.0,0.0,0.0,2.2,2.2,2.2,2.2,2.2,2.2,0.0,0.0,33206.134,2.1999999999999997,2.2,1.2119999999995343
2019-12-4 14:36:21,965,4,0.0,0.0,0.0,0.0,2.2,2.2,2.2,2.2,2.2,2.2,0.0,0.0,33206.134,2.1999999999999997,2.2,1.2119999999995343
2019-12-4 14:36:31,965,4,0.0,0.0,0.0,0.0,2.2,2.2,2.2,2.2,2.2,2.2,0.0,0.0,33206.134,2.1999999999999997,2.2,1.2119999999995343
2019-12-4 14:36:41,965,4,0.0,0.0,0.0,0.0,2.2,2.2,2.2,2.2,2.2,2.2,0.0,0.0,33206.134,2.1999999999999997,2.2,1.2119999999995343
2019-12-4 14:36:51,965,4,0.0,0.0,0.0,0.0,2.2,2.2,2.2,2.2,2.2,2.2,0.0,0.0,33206.134,2.1999999999999997,2.2,1.2119999999995343
2019-12-4 14:37:01,965,4,0.0,0.0,0.0,0.0,2.2,2.2,2.2,2.2,2.2,2.2,0.0,0.0,33206.134,2.1999999999999997,2.2,1.2119999999995343
2019-12-4 14:37:11,965,4,0.0,0.0,0.0,0.0,2.2,2.2,2.2,2.2,2.2,2.2,0.0,0.0,33206.134,2.1999999999999997,2.2,1.2119999999995343
2019-12-4 14:37:21,965,4,0.0,0.0,0.0,0.0,2.2,2.2,2.2,2.2,2.2,2.2,0.0,0.0,33206.134,2.1999999999999997,2.2,1.2119999999995343
2019-12-4 14:37:31,965,4,0.0,0.0,0.0,0.0,2.2,2.2,2.2,2.2,2.2,2.2,0.0,0.0,33206.134,2.1999999999999997,2.2,1.2119999999995343
2019-12-4 14:37:41,965,4,0.0,0.0,0.0,0.0,2.2,2.2,2.2,2.2,2.2,2.2,0.0,0.0,33206.134,2.1999999999999997,2.2,1.2119999999995343
2019-12-4 14:37:51,965,4,0.0,0.0,0.0,0.0,2.2,2.2,2.2,2.2,2.2,2.2,0.0,0.0,33206.134,2.1999999999999997,2.2,1.2119999999995343
2019-12-4 14:38:01,965,4,0.0,0.0,0.0,0.0,2.2,2.2,2.2,2.2,2.2,2.2,0.0,0.0,33206.134,2.1999999999999997,2.2,1.2119999999995343
2019-12-4 14:38:11,965,4,0.0,0.0,0.0,0.0,2.2,2.2,2.2,2.2,2.2,2.2,0.0,0.0,33206.134,2.1999999999999997,2.2,1.2119999999995343
2019-12-4 14:38:21,965,4,0.0,0.0,0.0,0.0,2.2,2.2,2.2,2.2,2.2,2.2,0.0,0.0,33206.134,2.1999999999999997,2.2,1.2119999999995343
2019-12-4 14:38:31,965,4,0.0,0.0,0.0,0.0,2.2,2.2,2.2,2.2,2.2,2.2,0.0,0.0,33206.134,2.1999999999999997,2.2,1.2119999999995343
2019-12-4 14:38:41,965,4,0.0,0.0,0.0,0.0,2.2,2.2,2.2,2.2,2.2,2.2,0.0,0.0,33206.134,2.1999999999999997,2.2,1.2119999999995343
2019-12-4 14:38:51,965,4,0.0,0.0,0.0,0.0,2.2,2.2,2.2,2.2,2.2,2.2,0.0,0.0,33206.134,2.1999999999999997,2.2,1.2119999999995343
2019-12-4 14:39:01,965,4,0.0,0.0,0.0,0.0,2.2,2.2,2.2,2.2,2.2,2.2,0.0,0.0,33206.134,2.1999999999999997,2.2,1.2119999999995343
2019-12-4 14:39:11,965,4,0.0,0.0,0.0,0.0,2.2,2.2,2.2,2.2,2.2,2.2,0.0,0.0,33206.134,2.1999999999999997,2.2,1.2119999999995343
2019-12-4 14:39:21,965,4,0.0,0.0,0.0,0.0,2.2,2.2,2.2,2.2,2.2,2.2,0.0,0.0,33206.134,2.1999999999999997,2.2,1.2119999999995343
2019-12-4 14:39:31,965,4,0.0,0.0,0.0,0.0,2.2,2.2,2.2,2.2,2.2,2.2,0.0,0.0,33206.134,2.1999999999999997,2.2,1.2119999999995343
2019-12-4 14:39:41,965,4,0.0,0.0,0.0,0.0,2.2,2.2,2.2,2.2,2.2,2.2,0.0,0.0,33206.134,2.1999999999999997,2.2,1.2119999999995343
2019-12-4 14:39:51,965,4,0.0,0.0,0.0,0.0,2.2,2.2,2.2,2.2,2.2,2.2,0.0,0.0,33206.134,2.1999999999999997,2.2,1.2119999999995343
